<?xml version="1.0" encoding="UTF-8"?>
<cartridge_basiclti_link xmlns="http://www.imsglobal.org/xsd/imslticc_v1p0"
    xmlns:blti = "http://www.imsglobal.org/xsd/imsbasiclti_v1p0"
    xmlns:lticm ="http://www.imsglobal.org/xsd/imslticm_v1p0"
    xmlns:lticp ="http://www.imsglobal.org/xsd/imslticp_v1p0"
    xmlns:xsi = "http://www.w3.org/2001/XMLSchema-instance"
    xsi:schemaLocation = "http://www.imsglobal.org/xsd/imslticc_v1p0 http://www.imsglobal.org/xsd/lti/ltiv1p0/imslticc_v1p0.xsd
    http://www.imsglobal.org/xsd/imsbasiclti_v1p0 http://www.imsglobal.org/xsd/lti/ltiv1p0/imsbasiclti_v1p0.xsd
    http://www.imsglobal.org/xsd/imslticm_v1p0 http://www.imsglobal.org/xsd/lti/ltiv1p0/imslticm_v1p0.xsd
    http://www.imsglobal.org/xsd/imslticp_v1p0 http://www.imsglobal.org/xsd/lti/ltiv1p0/imslticp_v1p0.xsd">
    <blti:title>CodeWorkout</blti:title>
    <blti:description>CodeWorkout is an online system for people learning a
      programming language for the first time. It is a free, open-source
      solution for practicing small programming problems. Students may practice
      coding exercises on a variety of programming concepts within the
      convenience of a web browser! Exercises provide customized, immediate
      feedback to support learning and suggests appropriate exercises as
      students improve their mastery.</blti:description>
    <blti:launch_url>https://codeworkout.cs.vt.edu/lti/launch</blti:launch_url>
    <blti:extensions platform="canvas.instructure.com">
      <lticm:property name="tool_id">org.codeworkout.vt.lti.1.0</lticm:property>
      <lticm:property name="privacy_level">public</lticm:property>
    </blti:extensions>
</cartridge_basiclti_link>